{
  "navigation": {
    "home": "Home",
    "clients": "Clients",
    "leads": "Leads", 
    "activeClients": "Active Clients",
    "prospectos": "Customer Potencial",
    "searchRequirements": "Search Requirements",
    "contactHistory": "Contact History",
    "generalList": "General List",
    "newProperty": "New Property",
    "statusAndPublication": "Status and Publication",
    "docs": "Documents",
    "opportunities": "Opportunities",
    "newOpportunity": "New Opportunity",
    "opportunitiesList": "Opportunities Management",
    "opportunitiesPipeline": "Opportunities Pipeline",
    "autoMatching": "Auto Matching",
    "manualSuggestions": "Manual Suggestions",
    "visitSchedule": "Visit Schedule",
    "visitasList": "Gestionar Visitas",
    "generateOffer": "Generate Offer",
    "visits": "Visits",
    "generatedOrders": "Generated Orders",
    "postVisitFollowup": "Post-visit Follow-up",
    "interestReport": "Interest Report",
    "offers": "Offers",
    "offerList": "Gestionar Ofertas",
    "registerAndEdit": "Register and Edit",
    "approvalStatus": "Approval Status",
    "ownerApproval": "Owner Approval",
    "history": "History",
    "transactions": "Transactions",
    "contract": "Contracts",
    "signAndDocs": "Sign and Documentation",
    "deliveryRecord": "Delivery Record",
    "administration": "Administration",
    "usersAndRoles": "Users and Roles",
    "commissionsAndParams": "Commissions and Parameters",
    "integrations": "Integrations",
    "property": "Properties",
    "clientsManagement": "Clients Management",
    "comercialManagement": "Commercial Management",
    "closeBusiness": "Close Business",
    "backoffice": "Back Office",
    "list": "List",
    "add": "Add"
  },
  "wizardProperty": {
    "title": "Almost Ready",
    "subTitle": "Confirm your deal details information and submit to create it."
  }
}
