{
  "navigation": {
    "home": "Inicio",
    "clients": "Clientes",
    "leads": "Gestionar Contactos",
    "activeClients": "Gestionar Prospectos",
    "prospectos": "Clientes Potenciales",
    "searchRequirements": "Requerimientos de Búsqueda",
    "contactHistory": "Historial de Contacto",
    "generalList": "Gestionar Propiedades", 
    "newProperty": "Nueva Propiedad",
    "statusAndPublication": "Estados y Publicación",
    "docs": "Documentos",
    "opportunities": "Oportunidades",
    "newOpportunity": "Nueva Oportunidad",
    "opportunitiesList": "Gestionar Oportunidades",
    "opportunitiesPipeline": "Pipeline de Oportunidades",
    "autoMatching": "Matching Automático",
    "manualSuggestions": "Sugerencias Manuales",
    "visitSchedule": "Agenda de Visitas",
    "generateOffer": "Generar Oferta",
    "visits": "Visitas",
    "generatedOrders": "Órdenes Generadas",
    "visitasList": "Gestionar Visitas",
    "postVisitFollowup": "Seguimiento Post-visita",
    "interestReport": "Reporte de Interés",
    "offers": "Ofertas",
    "offerList": "Gestionar Ofertas",
    "registerAndEdit": "Registro y Edición",
    "approvalStatus": "Estado de Aprobación",
    "ownerApproval": "Aprobación Propietario",
    "history": "Historial",
    "transactions": "Transacciones",
    "contract": "Contratos",
    "signAndDocs": "Firma y Documentación",
    "deliveryRecord": "Acta de Entrega",
    "administration": "Administración",
    "usersAndRoles": "Usuarios y Roles",
    "commissionsAndParams": "Comisiones y Parámetros",
    "integrations": "Integraciones",
    "property": "Propiedades",
    "clientsManagement": "Gestión de Clientes",
    "comercialManagement": "Gestión Comercial",
    "closeBusiness": "Cierre de Negocio",
    "backoffice": "Backoffice",
    "list": "Lista",
    "add": "Agregar"
  },
  "wizardProperty": {
    "title": "Casi Listo",
    "subTitle": "Confirme la información de los detalles de su trato y envíela para crearla."
  }
}
